Theola Dougherty,mariette0@hotmail.com
Margene Sturgis,adrianne_swope03@yahoo.com
Kris Givens,jonathan_ball@institution.org.gt
Nick Hurst,carmella.henning9@gmail.com
Harriette Mahaffey,gregoria_hanes3@hotmail.com
Noble Whitmore,toni7@opinion.com
Charlette Hastings,tu-deboer1@visitors.com
Kim Lerma,bessiebolling@hotmail.com
Mireya Mcdermott,janettraylor@material.com
Ruben Gillespie,marissa-bruton876@hotmail.com
Antionette Skaggs,glendora_roberts@yahoo.com
Bethel Sparks,mackenzie-rees@inspector.t3l3p0rt.net
Dierdre Barrios,yasmin_beaulieu7@hotmail.com
Sandy Madsen,christian.martinez7814@hotmail.com
Jodie Wofford-Barrows,leah_mccullough@gmail.com
Leia Vinson,darenmahaffey07@gmail.com
Elenora Foltz,taisha_soria@welsh.com
Emmaline Hand-Lovell,nicholle.pace9@greatly.com
Damion Freitas,lucia.sample776@vulnerable.shiriuchi.hokkaido.jp
Mohammed Phelps,starla3373@hotmail.com
Roosevelt Gunter,fritz.santiago@gmail.com
Jesus Alicea,marquis_cain20@bored.com
Caridad Loftis,jeremiah_bacon@yahoo.com
Felicia Toro,judith.peck2326@investing.com
Shari Kraft,lea_mcbee@alloy.com
Fredric Carver-Bell,christeen_watkins868@hotmail.com
Marita Overstreet,mirian.treat1909@meet.com
Rana Dortch,danyel.bobbitt9@hotmail.com
Hoa Hardesty,carleen.woodruff5250@yahoo.com
Adolph Sparrow,shannanmelton@blonde.com
Margene Langer,rozannelevi@andorra.onthewifi.com
Maragret Bach,belinda02800@visible.com
Florance Davis,jennie_slagle@dont.com
Kaylene Mckinney,twannaapple2524@yahoo.com
Dorthey Covey,sherill0@yahoo.com
Olinda Carpenter,manuel12@hotmail.com
Shawnee Polk,simona-buffington@clothing.ಭಾರತ
Isaura Mackenzie,alethashields94511@yahoo.com
Milan Laster,davida-wasson@office.com
Murray Reinhardt,joann-wellman@hotmail.com
Cornelia Cromwell,latosha-ng55@casual.com
Essie Kincaid,ellen_easter@hotmail.com
Cassidy Whitten,kamala55@yahoo.com
Matha Harris,kaitlin.greco501@nationally.com
Cicely Hopkins,freeda_baumgartner@privileges.nagaokakyo.kyoto.jp
Sherley Farrow,allegra5@sen.com
Francisca Browning,sung8804@gmail.com
Glynis Weiss,gordon5052@drill.com
Duncan Torrez,janice8@yahoo.com
Verla Kruse,olympia_cheng4@hotmail.com
Talitha Banda,yon.malley584@aimed.com
Carie Dobson,tyesha-ahmed40@planes.com
Shawanna Monahan,shiloh_krueger9@gmail.com
Elvera Cruz,candra.russell@motels.com
Janean Salinas,morrispaulson39@yahoo.com
Eliza Gold,natasha2@cap.clothing
Clint Cromer,angelia.epps@chevy.com
Kacey Houle,kurtis362@yahoo.com
Priscila Jeffery,monserrate25599@carrier.com
Robyn Dwyer,rosariagould@objective.com
Ellyn Dunham-Ferraro,towanda-hutchens@vitamins.com
Maryann Moreno-Trujillo,chun.bordelon@hotmail.com
Elroy Woods,micki6822@opinions.com
Catrice Fine,shad.simms48072@trading.com
Sophie Bloom,samuelaguilera72@hotmail.com
Josefa France,otto95@yahoo.com
Michele Luckett,ilana20@gmail.com
Val Levy,milton-caruso@half.pro.mv
Shayna Varela,domonique.turley34@jon.com
Elizabet Horowitz,gale.barnhill4@controlling.com
Sherita Trinidad,elba.roberson54048@gmail.com
Santa Ng,phebe-higgins@grand.com
Laurene Gaston,perla0994@failed.com
Lucrecia House,noemi0@yahoo.com
Margareta Woo,alyssa559@counting.com
Mila Rohde,susannahscarbrough01075@states.com
Virgilio Altman,lala130@downloading.br.com
Anne Dollar,marissa8@word.com
Lurline Collette,desiree5@caroline.com
Vera Burkett,lindsy_basham16@left.mitsue.nara.jp
Maxwell Mcmullin,eulah_peter03020@yahoo.com
Charles Chambliss,shana-ramon@outside.com
Alex Garber,leslieroland@invited.com
Willy Michael,jackelyn-girard118@hotmail.com
Frederica Freitas,margie9445@beverage.bálát.no
Mandie Sizemore,dori-dabney5891@gmail.com
Leonida Breland,earlie-whittington46@hotmail.com
Terrence Meredith,dane.wentworth0620@kill.com
Gail Figueroa,milly92779@bed.com
Adrianne Perez,ewa_kuntz@specialties.com
Roseann Pitre,rexhead@yahoo.com
Joelle Chow,brianne_woodworth@nissan.fit
September Speer,jessie90@peter.com
Shaunta Aviles,regena8062@yahoo.com
Jacklyn Richey,ciera-mathias49396@eg.com
Lisa Hermann,maurice38814@creations.com
Helena Duarte,melony_wester6965@yahoo.com
Rossana Neeley,kimbery-jeter@servers.com
Jamika Henry,beverley2@gmail.com
Wendell Reagan,danial-clifton@hotmail.com
Deandra Adame,genaro.sanchez90@yahoo.com
Leilani Minnick,kina05809@approximate.ro.im
Lawrence Daugherty,anabel314@gmail.com
Dierdre Chambers,damien94356@yahoo.com
Golden Elston,charis893@hotmail.com
Glinda Butcher,parthenia_knutson2133@animated.com
Rowena Frazer,elisa.mcnamara1@minute.com
Benny Sharpe,billie.brownell@folks.com
Celesta Soileau,daniel253@hotmail.com
Erma Francisco,dianne4@yahoo.com
Darell Wimberly,clifford38@hotmail.com
Catherina Keen,anabel.crumpton0@yahoo.com
Kasi Ives,yen18215@strictly.et
Hailey Spence,twanna.jennings69454@personal.com
Elaine Carrillo,gussie376@yahoo.com
Elfreda Maguire,dinah63476@review.kochi.kochi.jp
Nanci Girard,werner6717@gas.com
Jamika Mahan,jamipuente348@complications.com
Cathryn Barraza,numbers-haynes@forming.com
Hans Bryan,mariana2@gmail.com
Raymonde Ballinger,rosa67370@gmail.com
Jayne Berryman,georgeann-smalls744@yahoo.com
Boyce Velazquez,venita266@designing.com
David Villalobos-Hudgens,erline.everson@yahoo.com
Darcy Churchill-Pogue,ike_mattox@hotmail.com
Marcelene Leroy,peter.mabry74031@hotmail.com
Arnulfo Kent,helga08@amazon.com
Ernie Melendez,dorothaorozco@yahoo.com
Laveta Matteson,tuyet_henley466@gmail.com
Felicitas Logue,margurite_banner-faison9@odd.com
Alexandria Sena,xenia20537@yahoo.com
Doria Bounds,genovevafountain@hotmail.com
Lashell Cooke,henriette870@hotmail.com
Valentine Higginbotham,brigida.conover365@gmail.com
Yuko Broughton-Epstein,missy_yang@couples.com
Dusty Sigler,amelianewby@population.nym.la
Tameka Tomlinson,marisha.hinkle-justice38@yahoo.com
Dori Chew,treenahaight16317@gmail.com
Hans Venable,chanda80547@hotmail.com
Thomasine Comeaux,joslyn_mcdonough@hotmail.com
Breanna Beals,ana_kasper@sc.sandnessjøen.no
Loralee Williamson,gabrielacrayton53854@screens.com
Korey Allison,jeanne886@hotmail.com
Renay Wirth,digna.pritchett2@accomplished.com
Norman Forster,yvone.davies724@arrive.com
Velda Fuqua,joesphcasteel4050@mature.com
Rasheeda Romo,meghan_schaefer42@value.com
Keely Villasenor,marco27624@yahoo.com
Noble Fitch,teresia37@hotmail.com
Terrilyn Erwin,harrison.cameron@invited.hokkaido.jp
Earnest Grisham,barry.copeland8@workstation.com
Angelika Gibbs,minerva4442@users.com
Brandon South,nicolettesapp7411@enjoyed.com
Monte Bible,kisha-villarreal@rick.com
Nelly Slattery,emelia-severson51537@like.com
Ngan Mcmahon,percywilke5807@gmail.com
Aleida Mccants,susann.stillman2383@tm.com
Gussie Mcculloch,rozanne-himes52@hotmail.com
Cornelia Groff,lisha-burden@must.com
Latina Killian,tamekaswift@analyze.cc.wv.us
Ngoc Mclaughlin,timmy.howes975@hotmail.com
Stacy Petersen,janessa28@hotmail.com
Haydee Mccaffrey,jacinto_conners24681@yahoo.com
Ming Stahl,wm_lavigne466@doom.football
Olene Groves,willy_sheffield4@whats.com
Miss Coffey,argelia-starnes@yahoo.com
Miguelina Anthony,freida-prater@gmail.com
Clifford Stoner,denita0710@keys.com
Marybelle Holmes,tammichong@hotmail.com
Gaylene Sowell,wernerreichert56@hotmail.com
Fatima Scales,maureen.hall365@junk.com
Bobby Finney,abram.castleberry861@buffer.com
Fannie Mccormick,lyn_augustine@tie.matsumoto.kagoshima.jp
Libbie Thibodeaux,kassandra_house745@confidential.slask.pl
Pablo Hinds,jena.brandt3533@bacteria.com
Kaylee Bustos,almeta13@tall.com
Reita Dougherty,corina-healy4507@yahoo.com
Lonny Dove,mammie_combs48@administrator.com
Shalonda Cruse,nichelle951@yahoo.com
Wilson Portillo,ernestineechevarria-dougherty766@initiative.com
Magdalena Dowdy,jeanice.mancini@yahoo.com
Tora Waterman,teresa6@gmail.com
Demetrice Bloom,vincent.henson7@hotmail.com
Ashlea Moreau,leana78292@yahoo.com
Elliot Bull,thao0@explanation.go.th
Albertina Segal,shaunta_quarles40832@gmail.com
Julianne Majors,bronwynbroome6@yahoo.com
Nilda Ligon,rogelio_armstead6@intro.rn.gov.br
Sondra Doll,marylee_emerson52775@more.com
Phuong Oneal,estrellakunkel20377@yahoo.com
Tamra Woodcock,mario5077@gmail.com
Ramonita Tice,alex-hendricks9583@yahoo.com
Earlene Christopher,jinny-fairbanks45919@kentucky.com
Catherine Kaufman,lakitabloom-dewitt@hotmail.com
Laurice Bolling,ester_guzman809@spin.com
Kiyoko Pina,branttilton3@yahoo.com
Neil Boone-Bottoms,georgene.coggins0@yahoo.com
Cletus Lloyd,ayakoharms49245@hotmail.com
Reena Kenyon,charise_mcclelland61658@screen.com
Tilda Lacroix,joel-herzog6@corporation.com
Demetra Costa,ji.castro@overhead.com
Steffanie Ivory,rodjoe@gmail.com
Ella Harless,tamiko97@formation.com
Alesha Sturm,guy_rosenberg@yahoo.com
Terisa Katz,kandra_gatewood7334@lending.com
Jeff Styles,rosalia885@magnet.com
Lloyd Baughman,keneth.leonard@reverse.com
Margrett Crouch,celeste-willey@yahoo.com
Keturah Frederick,alaina-crawley41@hotmail.com
Isaiah Matson,jennefer.yang570@hotmail.com
Myung Dobbins,shanahutcheson@academics.kfh
Marine Sells,jadwiga_dennis4@autos.com
Kathey Fontaine,hermine_fleming8@gmail.com
Jamee Cameron,ignacia.saxton@gmail.com
Usha Rios,yu21@containers.com
Claribel Siler,antione39@kiss.com
Janett Ford,earlene-ruff191@biotechnology.com
Roland Hayes,tiesha-oquendo94@hotmail.com
Claud Starnes,nina.fortin7137@threads.com
Adeline Branch,melonie.chun@yahoo.com
Fritz Ambrose,lin_spinks3001@timing.com
Katy Comeaux,willena6315@gmail.com
Diana Fitch,eloisemccullough@looking.com
Shirl Carr,shaniqua41991@hotmail.com
Kindra Kirk,evangeline.davison@mastercard.com
Lanette Kirkpatrick,nellie7@thesis.com
Alissa Freed,bernarda1@yahoo.com
Antonio Christopher,margarita_falcon9951@yahoo.com
Marquis Damico,danelle_cleveland8@gmail.com
Irvin Troy,erline.wendt@gore.com
Adella Fowler,robyn-holden@external.com
Dorsey Starnes,leone.segal@hotmail.com
Beverley Kay,milda_johns3@gmail.com
Latonya Beaudry,jasmin7@hotmail.com
Beula Grimm,chase.byrnes@dome.com
Kathline Bagwell,dong6@roller.shiftedit.io
Robbin Ivy,chloe238@issues.com
Sylvia Sturgill,joye-gross@gmail.com
Azzie Mccarty,laureen_rountree@address.com
Emma Button,keitha_weston56@gmail.com
Sherrell Battle,mohammad61593@gmail.com
Jacqulyn Stout,thelma-kinsey67@hotmail.com
Lannie Bailey,sharda0151@preliminary.com
Larue Sparkman,katina_arroyo5150@gmail.com
Tandy Carden,kristen.lumpkin495@hotmail.com
Keesha Labelle,marsha.peterman@merge.com
Kendal Funk,matha2367@hotmail.com
Herb Dietz,sammy45@casinos.opencraft.hosting
Mikki Byrne,orville-kozak22430@abs.com
Olga Woodard,rufina-bosley143@structural.com
Lino Padilla,winifred596@hotmail.com
Trey Jung,aletha.adame792@competition.com
Noelia Paterson,kenia-mock27236@hotmail.com
Vivian Deane,melynda137@hotmail.com
Flo Horning,esmeralda_wallin05954@yahoo.com
Giuseppina Eldridge,doloris_sprouse@yahoo.com
Keva Larry-Dugan,rileycordero@task.is.it
Lorinda Mcnamee,shanel8@cave.com
Cherri Stitt,kurtis_means@hotmail.com
Michelina Victor,ali_terrill8@yahoo.com
Clark Maynard,sharlenefortney58@mill.com
Laci Chong,lester-bland@unauthorized.com
Kim Hulsey,garnet_nickerson@athens.com
Kiana Brittain,conniecouch@postposted.com
Lowell Bynum-Elkins,vinita3739@hotmail.com
Jin Magee,brittni4@yahoo.com
Eliza Garrett,christin_talbott@gmail.com
Divina Edwards,blair-schulz6036@promo.com
Suzann Tremblay,mauro-weddle@yahoo.com
Sherrie Amos,jalisa8017@tanzania.com
Nannie Kelley,ferminmccool2955@finish.com
Elsie Savage-Sneed,detra.thorp13922@yahoo.com
Velia Ordonez,roseanna21673@generation.com
Corina Tilley,barbra_garland490@yahoo.com
Debbie Morgan,lanora_squires4854@pork.com
Jared Venable,glory4@hotmail.com
Gracie Tolliver,pasty1871@gmail.com
Cathrine Kearns,bree23868@translate.izena.okinawa.jp
Ann Duke,ike14526@bhutan.com
Nick Pappas,mahalia.muniz6@mobile.gateway.museum
Rolande Haugen,johnna.gould@hotmail.com
Ana Cobb,gracehead408@gmail.com
Clayton Corey,dominque.sparks88@behind.com
Corie Dunham,trumanaponte@realtors.com
Hans Olds,britni_stacey@improvement.com
Katharina Pryor,shira.roussel5138@yahoo.com
Rossie Fontenot,chrystal.roddy84193@gmail.com
Izetta Hurst,launa.comeaux@yahoo.com
Dante Jefferies,stefani49172@yahoo.com
Simonne Cornish,nisha9714@hotmail.com
Booker Hardesty,carynbusch9806@transmission.com
Rosemary Langdon,hyon387@yahoo.com
Benjamin Mcclain,esteban468@gmail.com
Veola Duffy,vinnie-denson3@enemies.biratori.hokkaido.jp
Marcus Horning,camellia.sanchez@hotmail.com
Daren Baer,migueltamayo7@rear.com
Charlsie Levy,nicolle03@editorials.com
Chaya Goddard,yessenia.marshall08086@yahoo.com
Lydia Pollock,hee263@yahoo.com
Tera Smallwood,kalynaldridge2@subaru.com
Lynell Hill,dorthy.giordano3952@spas.com
Leena Berlin,ionahendrix-patel@yahoo.com
Sharleen Thorpe,kourtney-devore-mosier@combined.te.it
Kimberlee Ayres,tandy_cassell17973@yahoo.com
Jettie Abell,wilhemina.birch-olmstead83@yahoo.com
Christena Hathaway,santiago_damron48@hotmail.com
Ela Wentz,verline.wood@texts.com
Karmen Lusk,georgann_schmitt@hotmail.com
Kenyatta Prichard-Rosen,samella_dewitt3237@yahoo.com
Carrie Egan,heribertopullen0@gmail.com
Isaura Dugan,marlin_flores308@diy.com
Chadwick Lamar,santos.combs962@gmail.com
Celestina Stevens,salina_wentworth@crossing.com
Detra Harrell,giovanni-levesque@gmail.com
Iluminada Yost,georgie1@prior.com
Selma Wilbur,marleen.woods@gmail.com
Twila Dupuis,hellen32078@yahoo.com
Sue Lindberg,asia_artis0962@polyphonic.com
Merlin Dowling,branthartnett@cathedral.natural.bo
Adaline Moeller,anne.gooch86383@po.com
Phung Lemus,kelley96571@bizrate.com
Fe Rawlings,stephanytrevino@yahoo.com
Brendan Leal,joeannarriola162@additions.com
Grisel Benton,earnestine_shepard@yahoo.com
Genevieve Button,natasha-wheaton@computers.com
Magan Cerda,darron92580@affect.com
Cherilyn Lord,latashia_dennis6@walked.com
Bonita Creel,minnie0@gmail.com
Cassidy Bumgarner,constance-brubaker0@gmail.com
Cathryn Mota,timmy.thomson498@compromise.com
Lessie Malloy,debra-hahn6452@firms.com
Yvette Pearson,tania33217@fbi.k12.az.us
Echo Sayre,edsousa620@tabs.com
Clemmie Tyree,ruthann-marcum5@harvey.com
Sandee Ashcraft,treena683@yahoo.com
Synthia Fritz-Dabney,denna807@gmail.com
Barbra Pitt,candycekohn@yahoo.com
Alexa Portillo,elayneclegg16@gmail.com
Felisha Saunders,mavis8@if.com
Karla Albers,tamiko.felton@hotmail.com
Verline Bergstrom,darcel.perrin@hotmail.com
Kaleigh Suarez,alphonse_willie3@str.awaji.hyogo.jp
Kristie Ball,tomokodietz201@hotmail.com
Virgina Fanning,malinda_boyce@earnings.com
Merlene Bower,carmela20@raise.froya.no
Tatyana Caban,thelma839@jacob.com
Delorse Villa,rashida.higginbotham59@within.com
Lyndsay Haskell,rema4147@gmail.com
Del Cardenas,gertudesimmons@gmail.com
Clint Rangel,soledad.harden1@grades.sveio.no
Willette Siler,sue.barbour79716@babies.com
Katina Messina,farrahstein@london.gsm.pl
Stan Gabbard,raven.joyce@hotmail.com
Earl Demarco,bryce28975@yahoo.com
Lorelei Hammonds,sha-rickman4@hotmail.com
Leo Oswald,christi_ricketts4383@yahoo.com
Vanita Porter,adolph-dion@hotmail.com
Herlinda Goad,lucina3@hotmail.com
Flavia Priest,elenor11@assigned.com
Ruthann Joyner,justin34@personals.nakadomari.aomori.jp
Garry Vanover,bertram_taber8@yahoo.com
Marsha Neff,todd_matlock6@peer.com
Elizbeth Lacey,daphne-ortiz@gmail.com
Houston Karr,candancecochran@hotmail.com
Lara Scully,dillon.martz@finances.com
Mariette Farmer,maryjo_turney97054@yahoo.com
Brice Woodall,argelia69@intel.com
Erick Yocum,mignon_fish@tonight.com
Mikaela Muncy,lorine3523@hotmail.com
Tania Peyton,joeyarthur8179@gmail.com
Ranee Hodges,marcella26152@hotmail.com
Venita Regan,trish-redman@ampland.mil.qa
Particia Richie,terry57@england.com
Preston Aleman-Mcpherson,melvina_cady7@bush.com
Yung Langford,lonnieduvall7@yahoo.com
Gregory Clawson,pearly.dube650@animated.com
Adelina Borrego,lelah-deberry@terror.air.museum
Halina Menendez,scott337@oxford.kharkiv.ua
Lina Alicea,melvina-kemp18326@gmail.com
Kiyoko Waterman,efren66@gmail.com
Faustina Eggleston,jeremy-marrero5@yahoo.com
Stephani Clemente,eustolia_castellano@hotmail.com
Cheree Kang,alaine0@gmail.com
Latesha Rayford,serafina_child5904@academy.com
Ambrose Byars,talishaknowlton1524@gmail.com
Rory Schneider,leonard1@watches.com
Dionne Jefferson,christian.overton788@killer.com
Gwen Binkley-Kaminski,peggie2146@himself.com
Melaine Kidwell,mozella24@worm.com
Synthia Boatwright,margene-tibbs5@challenged.com
Maura Loy,kathern1@gmail.com
Moira Queen,christiane-southern@yahoo.com
Erlene Ginn,lakeisha30824@hotmail.com
Loan Mason,pamula.mackay11@paperback.com
Marcell Clement,celena_sheldon86@omissions.com
Thurman Stowe,tiffanybounds1371@hotmail.com
Yetta Myles,tegan57174@confused.com
Norma Jimenez,jefferey.welch@happy.com
Greta Deaton,will64211@lists.com
Suzi Kersey,mikebrackett48572@hong.moka.tochigi.jp
Nohemi Null,samual148@highways.ricoh
Marin Bruner,machelle6@gmail.com
Marketta Cottrell,cordellotoole86792@hotmail.com
Beatris Short,jayson-gale91@brass.com
Marcy Bechtel,tuyet.barajas1849@hotmail.com
Bradly Candelaria,kamilah-canty@hotmail.com
Cathi Mcdade,teofila-scarborough@yahoo.com
Debera Peek,jettie_carson@hotmail.com
An Chalmers,luetta_petty94878@yahoo.com
Hung Grace,kiyoko59046@broken.com
Jerilyn Shelby-Leak,sherrie93@tunisia.blogspot.bj
Myrle Ahmed,florene763@carolina.com
Lynetta Renfro,claude_thurston@understand.luzern.museum
Deidre Bowlin,annamae23@thumb.com
Ervin Leggett,alix0@credit.com
Janetta Matson,marylynn-mejia339@generate.com
Armanda Kuykendall,chester-thrash48@writing.com
Julian Davidson,tinishaquintanilla@yahoo.com
Jennifer Schmid,abram_keegan8@gmail.com
Cindie Cagle,hal-mosby4198@yahoo.com
Alona Krebs,aracelis-lyle98959@yahoo.com
Clinton Villagomez,sierra82325@gmail.com
Wilburn Cooke,marlon.potts@gmail.com
Beaulah Lindberg,rosemary7@event.com
Sherryl Blum,vertie.soper67285@gmail.com
Marvin Black,leeann.eagle326@gmail.com
Raina Durr,soraya.posey923@yahoo.com
Terri Willingham,romelia0930@assumes.isa-hockeynut.com
Miguelina Grice,katina-wing@shadows.susono.shizuoka.jp
Kristine Bankston,carolann.flannery66@pickup.pv.it
Nikia Benton,tamie.oconnell@primary.com
Shanel Flora,brianna_heim@yahoo.com
Collette Lash,carlynknox937@share.com
Carmela Schwarz,horacejacob@yahoo.com
Alejandra Plante,trent797@gmail.com
Nannette Rudolph,olene0@yahoo.com
Rebecka Paul-Forbes,asley_weston9003@fundraising.com
Kandra Olds,sudie98808@yahoo.com
Krishna Page,jann285@hotmail.com
Lakiesha Nash,olevia.riddle86351@now.com
Peggy Jude,adeline84524@gmail.com
Damion Faison,marianela862@shirt.barclaycard
Betsey Vines,raeann58045@yahoo.com
Earline Paradis,alita7161@gmail.com
Zonia Cady,dwayne-hamm61527@marathon.com
Marcellus Kolb,natalia_peralta05094@student.com
Lynetta Cooper,eustolia.merritt56@hotmail.com
Alvaro Talbert,savannah_dupont5@gmail.com
Alta Jackson-Dotson,providencialankford-homan@gmail.com
Gabriela Street-Tejada,audrea68780@hotmail.com
Olympia Tellez,mariam4729@hotmail.com
Dede Buck,joane.ness41643@pocket.com
Ilse Beaman,janey.hoff@online.com
Kathi Turney-Mccrory,booker.cooley700@helena.com
Ming Mims,lauralee-zink@hotmail.com
Lekisha Cothran,nevada-krug-cramer39@heroes.com
Johnson Freitas,jane-ginn@hotmail.com
Chelsie Webb,deloris_porter2346@qualities.es.gov.br
Lyndsay Ferris,dong3@gmail.com
Max Trask,nga72481@telecharger.com
Johnna Mcneill,rebbecca32@designs.from-al.com
Kevin Toney,natacharobinson6849@settlement.com
Nakia Hoppe,charla3@gmail.com
Chasity Schulze,vinnie_boston@symantec.com
Peter Tovar,kenneth_whiteside218@hotmail.com
Corey Hardesty-Sammons,arlettedesimone57700@champagne.sondrio.it
Alise Briley,lajuanasigmon62@yahoo.com
Donald Jolly,norine_oreilly460@atlanta.com
Kimiko Ashley,debbienutter@gentleman.com
Leonarda Bess,cecila_hollis6@yahoo.com
Vincent Tejada,nell08500@gmail.com
Dionne Queen,kris77060@yahoo.com
Claris Hollins,irving13172@gmail.com
Mercedez Rea,lai.spann0@gmail.com
Amparo Saenz,somer3@hotmail.com
Carmine Gaylord,josephine-mackey1065@who.com
Jayson Witt,cassidy3578@hotmail.com
Jere Rich,vaughn.wells4254@box.takino.hyogo.jp
Jonah Phipps,lady90@gmail.com
Louanne Tyler,mairaarrington@hotmail.com
Cassey Mayfield,maira0598@hotmail.com
Vonnie Tejada,ebonie417@hotmail.com
Adrien Urban,lita_feldman@yahoo.com
Melony Lance,nannie-lozano@cocktail.com
Alaina Woody,bonnie20810@suppose.com
Ben Shaver,johna.beals1@apparel.nationwide
Agnes Jolley,stephenie_mccauley121@santa.com
Craig Goforth,daniella.keyes22@jenny.com
Jung Avery,clarence.hodgson069@yahoo.com
Genny Beatty,reda-vasquez4@hands.com
Merlene Schumacher,mozell89436@readers.hachijo.tokyo.jp
Caitlyn Reuter,dulce.aiken@extraction.com
Cinderella Barger,karie46989@luther.com
Annemarie Stafford,lamont.yoo8873@yahoo.com
Roberta Jolly,rosa_eason473@gmail.com
Caterina Farris,monserratebach43@hotmail.com
Mildred Lima,donetta43@gmail.com
Jonell Orellana,alex-laplante@gmail.com
Seymour Ness,wilfredo_campos7849@geek.com
Carissa Crandall,beverly-fierro@hold.com
Buford Wilkerson,erick_zarate@hotmail.com
Ginette Rodman-Mccaffrey,ivey0@yahoo.com
Linh Hutchins,melynda0357@yahoo.com
Lorina Kirkwood,syble-parent@hotmail.com
Annmarie Mason,nancee_robison660@substance.com
Gaston Sanches,marisol-prichard791@yahoo.com
Deana Stephens,latasha1946@hotmail.com
Beth Muir,adalberto-handy7536@hotmail.com
Lillia Reno,shela-elkins011@hotmail.com
Brittanie Ferrell,liane69446@hotmail.com
Shay Boland,chi.lapointe020@gift.com
Mae Moseley,leifzimmerman362@hotmail.com
Bess Guest,tamika1@resist.kagami.kochi.jp
Bret Ouellette,ava-andrew562@gmail.com
Georgiann Jay,carli88723@gmail.com
Yuk Grice,ezekiel.isaacs@nominations.com
Fallon Doherty-Hancock,catherina854@hotmail.com
Jenae Clemente-Xiong,louanne-betz66@hotmail.com
Lela Temple,edenfalk@yahoo.com
Kiara Bryan,diane0926@yahoo.com
Erminia Beattie,celinda.dell@hotmail.com
Mollie Denton,kristan9@combines.com
Soraya Simon,percy_best28594@yahoo.com
Janita Pitman,bryon553@yahoo.com
Bob Mobley,naoma.aguayo99@portsmouth.com
Dottie Sullivan,nadia_lord69942@hotmail.com
Marcella Hollis,leonia6125@gmail.com
Myung Wheaton,wei49524@yarn.hockey
Amelia Salas,marcelenefriday@islam.com
Pricilla Faison,evalyn.cox@yahoo.com
Karri Sadler,tama.kang24@mods.com
Noe Victor,monnieseverson914@statewide.com
Bryanna Fajardo,mildred-fairchild706@hotmail.com
Kristofer Pounds,dwayne.apple@hotmail.com
Maricela Hess,kaitlyn_simmons@door.com
Deonna Burnham,nicolasa.henson@literature.com
Avril Rasmussen,milagroserrano@gibson.com
Bobbie Kellogg,santo-julian7622@yahoo.com
Cecila Coombs,burl_stokes@hotmail.com
Natalie Pepper,sadie226@september.ck.ua
Dale Guzman,eddy6656@cyprus.takahata.yamagata.jp
Bradford Cromer,stephany0782@hotmail.com
Marth Doolittle,cathryn6960@displaying.com
Ami Ackley,goldahopper@brick.com
Lauren Benavides,pia52@hotmail.com
Lynn Grider,shondrabottoms4@yahoo.com
Yessenia Asher,yukiko8163@treasures.com
Crysta Negron,lisabeth48@hotmail.com
Lashonda Hodges,buster-broadway59273@gmail.com
Fabiola Coon,louisa8617@court.com
Keenan Gould,brad_meade5035@sales.hofu.yamaguchi.jp
Ike Jefferson,freddy_bragg8435@gmail.com
Clemente Frame,neville7@yahoo.com
Cordia Hershberger,collettefurr250@themes.com
Tiny Pitcher,hugh906@conducted.tiaa
Brett Madsen,jade.piper@hotmail.com
Jin Gamez,ulrike.nunez7293@infinite.com
Shaneka Barnette,marcellus33074@gmail.com
Kizzy Lennon,shelliemcnamee-garris42@gmail.com
Phillip Jeffery,carlie59757@hotmail.com
Shelli Cotton,tessie0389@reductions.com
Lyndon Watters,kayleenpadilla@gmail.com
Renae Kellum-Dortch,nicola.crain183@hotmail.com
Bo Laplante,rheba20294@percent.com
Leida Boggs,elene6976@trainers.com
Cleopatra Partin,roselle-caraballo7180@lifetime.com
Ruthann Owen,zita2@yahoo.com
Toby Bello,cathy-becnel@womens.com
Conchita Jaime,raeannpurcell84583@hotmail.com
Alda Dill,katherina_vanmeter@moderator.com
Thurman Gunther,genevieavery332@nn.com
Tosha Hedgepeth,ashlie.mabry5@encourage.com
Monica Needham,leonesavage@chains.com
Keith Roderick,marge.hensley@vatican.com
Magdalene Whitehead,hugo.jessup33@hotmail.com
Joi Mullins,starr.wimberly01@yahoo.com
Libby Correa,darrin-mullins@shown.com
Monet Mcclary,carla.wiley1011@yahoo.com
Lenny Vigil,beatrice.lentz@gmail.com
Adolfo Wingfield,bethanie9@semester.com
Janet Prater,laraine34643@gmail.com
Theda Taft,maggie_mouton-reynoso2@hotmail.com
Lorean Kellogg,solomoncheek@gulf.ericsson
Patience Stanton,alexandria_holman053@yahoo.com
Gertrud Stamper,ricky_keith@yahoo.com
Valentin Niles,wanetta34338@lightweight.com
Mitch Gilson,caterina268@scheduling.com
Cole Herbert,claris90154@hotmail.com
Laveta Tibbetts-Cheatham,joshua13@gmail.com
Coletta Moreno,andra4023@yahoo.com
Edris Irby,nell41@fires.com
Thersa Lundy,delia5@preparation.com
Aimee Galindo,kathrine.harley@gmail.com
Madalyn Cardwell,allegra6@bronze.com
Vivienne Harms,jimmie-staggs@surrounding.com
Akilah Woo,andra-mcinnis67292@deer.com
Shizuko Lees,victorkellum@conventional.com
Caren Basham,krystleframe@yahoo.com
Merri Holmes,cary_butler@implications.com
Antony Macias,stanleycalloway781@yahoo.com
Bernie Parent,gilstott@gmail.com
Ha Roddy-Guido,wiley9138@century.com
Candie Slagle,melida5@hotmail.com
Gordon Zielinski,leeanne39384@instruction.com
Jerlene Tovar,lynda_sides92@yahoo.com
Jermaine Vidal,marielaquintanilla@gmail.com
Susann Clary,may_mena@gmail.com
Merle Bartley,jacques-saxon5@verbal.lib.nv.us
Arlette Maas,curt.fine0725@gmail.com
Johna Sturdivant,apoloniaholman5@yahoo.com
Lucille Kunkel,faith_labelle0049@widely.osøyro.no
Riley Mooney,junko6978@gmail.com
Celia Segura,nickie.hatcher30@hotmail.com
Shemeka Abraham,julius1@springfield.com
Kraig Montano-Olds,merilyn_magnuson4533@died.com
Linwood Kyle,michelle.billings@strong.com
Eddie Chung,paul73@yahoo.com
Neta Osteen,billy756@chem.com
Marta Nolan,abbie_pressley9@holland.international
Chae Kowalski-Ledet,peg_odom15575@gmail.com
Elvis Hartman,david-bui@hotmail.com
Sarah Hargett,merrie77@hardware.com
Cory Drummond,janell-carrasco61138@yahoo.com
Helena Downing,sammyricci-forest2@beds.com
Becki Arnett,starla-guillen64744@maybe.com
Phyllis Ostrander,elenor.saxon96869@particularly.com
Cecily Main,christopher50@hotmail.com
Collen Barnhill,mirtha41@yahoo.com
Candyce Stinson,coy_falk51@yahoo.com
Winford Love,ema58@wit.dz
Sachiko Gutierrez,annamaria.bruno1998@gmail.com
Lela Hatton,lelia-meyer@gmail.com
Lavonia Whitcomb,carli8887@hotmail.com
Nellie Burks,bobbyapplegate@toe.mobara.chiba.jp
Rosana Kish,liane.foret0202@set.com
Yoshie Samples,bernetta.deleon@src.com
Gaye Queen,feliciamercado317@hook.com
Estela Pike,adria580@hotmail.com
Leland Howes,ha78@firewire.com
Leeanna Gamble,shanda_scott8@midnight.2.bg
Linwood Loyd,raymundootero@ultra.com
Tom Eckert,kina8@hotmail.com
Fay Kent,barton4@omissions.com
Winter Killian,ruthann.eaves41450@yahoo.com
Evelia Simone,wanda_beckham@yahoo.com
Bradley Allard,phebe-wheat36056@bass.com
Yolonda Woods,willette98@gmail.com
Michell Britton,milissa-woodward48@animation.com
Nathalie Rich-Drummond,willow-sander@completion.com
Latrisha Hutchinson,brittny.mahaffey2@strips.com
Anette Hyland,gwenda_gross-rosenthal89@yahoo.com
Delores Salyer,holliehightower@hotmail.com
Chang Batiste,krishna.fine339@cups.com
Seymour Marble-Mcdonnell,willettashively-jankowski@hazards.com
Adolfo Mcnair,keva_dietrich3@guides.com
Mose Lovett,kimi6@increases.com
Gabriela Aguilera,melissiahampton4@alternative.com
Dick Rayford,jeannine2@hotmail.com
Lavern Noonan,irving618@gmail.com
Karie Richey,eleonore-sabo@hey.com
Joleen Hammonds,sook91@hypothetical.com
Markus Ordonez,angelena-ferrara41206@yahoo.com
Demetria Batts,jerry_hughes@m.com
Dinorah Her,isaiah_pomeroy23438@lakes.com
Adele Crumpton,donetta.yeager@accordance.com
Kallie Kidd,cecilia-freed77@gmail.com
Serina Woodward,rayford_kohl82@desktops.com
Rina Herndon,grant8786@yahoo.com
Theodore Paradis,vaughn7@memorabilia.com
Louisa Stuckey,corie-bernard@gmail.com
Krista Easton,theodora-webber@voip.com
Cherlyn Rushing,melida_slattery9@asked.com
Nilda Orlando,gavin5@bmw.com
Edmundo Pellegrino,nella_beal@hotmail.com
Rodrick Townes,natividad2@gmail.com
Hiroko Cady-Murdock,rebbecca_gale0@diego.com
Carmelia Slaton,carlena-cooley0@hayes.com
Pearl Martino,lizbeth.oshea40@hotmail.com
Jacquiline Chandler,tienbishop8801@metals.nyc.mn
Rina Perron,pamala0625@hotmail.com
Thea Brim-Marx,lakita-christie@gmail.com
Kip Sam,rubenmcmanus@enterprise.com
Gillian Whitmore,abbie.leyva695@yahoo.com
Tawny Jordan-Pagan,kandis_angel865@type.com
Elijah Marx,su_whitehurst48081@gmail.com
Rosetta Patino,maryrose-monroe@alarm.com
Otis Belt-Grisham,khalilah-brim2@paste.kanan.osaka.jp
Emerita Glaser,imogenehales-mackie@hotmail.com
Andrea Karr,elvia-winslow@hotmail.com
Sindy Coombs,eleanore.dugan8049@yahoo.com
Hettie Shelly,bulah21@yahoo.com
Malia Halstead,hailey4@symantec.com
Retha Clevenger,williemae-helm@yahoo.com
Bernard Darnell-Gaytan,nadine0163@commands.com
Renda Hatfield,johnie_ballard@gmail.com
Liz Slocum,hazel_boland482@yahoo.com
Quincy Harman,billie-sprouse156@original.com
Evelina Amato,linn_patterson@thumbnail.com
Seema Vanmeter,rosanne.cheung-elston23038@cleared.com
Michel Flores,orval63@accreditation.com
Lorna Mcdermott,pablo_hunt@hotmail.com
Melita Aviles,mayra-lenz2@gmail.com
Gerardo Gary,verlene.chiu@yahoo.com
Brice Sousa,nam7931@gmail.com
Irwin Cerda,leonel_osorio-mccormack65@receptors.com
Edythe Biggs,alycia.milligan9440@yahoo.com
Concepcion Gearhart,krysta81427@yahoo.com
Marica Thames,luz-andres@hungry.com
Bette Woods-Sexton,liberty21395@yahoo.com
Migdalia Vanmeter,sun_kaiser@earrings.com
Natalya Fishman,grover_echols@folder.com
Lou Burr,alexander85234@avoiding.com
Nella Grenier,kathaleen.mahaffey725@gmail.com
Humberto Alvarado,rich4@pick.com
Monroe Wilde,altagracia.delagarza6383@norman.com
Mae Mcmanus,sun3@wants.com
Barbar Gardner,virginia-novak98266@gmail.com
Ria Fellows,lora26179@gmail.com
Quinn Piazza,winter-oliva1646@gmail.com
Alejandrina Gilbert,cherish-riggs4953@gmail.com
Carter Naquin,bethanie726@hotmail.com
Meridith Jaeger,hoa-martel111@gmail.com
Tomi Harden,earthaseeley5@gmail.com
April Cotton,agnes5762@licenses.com
Pearle Kearney,giselle_harrison@hotmail.com
Kirk Jenson,queen-goodin81@hotmail.com
Danyel Horne,telma_loera@promote.e.se
Tiara Hulsey,marline671@ethiopia.com
Shamika Lawless,kandace15644@hdtv.com
Corrine Rountree,janey-gladney6707@theta.com
Tegan Carrier,lucienne71@justify.com
Grady Cowell,frankie_tobias-hagen@education.com
Vito Vinson,leeanna-oneill@gmail.com
Jeannette Prince-Dent,luella_whitley3@gmail.com
Natalya Walling,bereniceelmore63849@francis.com
Dione Provost,orlando-spicer2708@hotmail.com
Georgann Dawkins,xochitl2@securely.ac.mu
Brenda Hostetler,jamee79349@yahoo.com
Wendolyn Snodgrass,ana_radford@warned.takahata.yamagata.jp
Chloe Myrick,le-denman@roulette.com
Laverne Sipes,kera212@gmail.com
Sueann Pogue,yanira6362@gmail.com
Hortencia Block-Crawley,anika06815@width.com
Calista Bingham,mauricio_gatewood@boot.com
Broderick Burkhart,leandra1318@assisted.ポイント
Johnathan Ricker,reanna875@yahoo.com
Cody Elder,reynaldo.bain7931@hotmail.com
Louie Gabriel,rae.mulligan52@gmail.com
Ayana Gurley,merrill8@n.com
Remona Bueno,kristine191@warriors.com
Celesta Gooding,omer23@gmail.com
Nannie Fenner,carlyn_shin55658@gmail.com
Taisha Holden,marcus51@gmail.com
Ji Baxley,fabian34165@gmail.com
Elisha Porter,jacqualine.matson@yahoo.com
Sandie Newcomb,john-balderas677@yahoo.com
Ester Shively,garry_shelby@hotmail.com
Mitzie Malley,donald80@cod.com
Halina Mcelroy,darell4221@gmail.com
Verona Mcdaniel,daine_morgan29903@perfect.com
Kenyetta Ivory,adinabrady3@gmail.com
Georgine Medina,laci_rosas@tournaments.com
Jonell Melvin,nelda9633@yahoo.com
Tarah Vandyke,erynlimon355@extraordinary.com
Halina Pellegrino,mariano-lo9906@yahoo.com
Antonia Pryor,dalene.lohr1@gmail.com
Lisandra Kenyon,orpha75@yahoo.com
Malena Beane,anja_ebert1746@hotmail.com
Ashli Roussel,opal6@gmail.com
Nancey Cobbs,reynalda-rios60628@established.com
Marylee Everson,sheba-byars@kennedy.com
Latesha Rutherford,muiconnelly82@yahoo.com
Mallie Cassell-Childress,carmeliawalsh423@guarantee.com
Bernadine Copley-Casey,adrian_willoughby4@installations.com
Nakesha Hollingsworth,garret.longo@responsibility.com
Venessa Merrell,christian015@ncaa.com
Mika Sturgis,arnoldo-tam6213@gmail.com
Jerilyn Roussel,tanner_mcmullen@gmail.com
Kenton Humphrey,trina.robinson@gmail.com
Jovita Tracey,aleta.grenier7652@hotmail.com
Chasidy Crain,rosa943@hotmail.com
Anika Martins,annice52812@hotmail.com
Dudley Tribble,catharine85949@hotmail.com
Lawanda Wiseman,sammiereiter@websites.com
Eneida Chong,june.matheny892@landscapes.com
Shawnee Hernandez,rolandepolanco@gmail.com
Millie Tong,rhea.kelsey@e.com
Ashley Kerns,maira-fabian@gmail.com
Laurice Brookins,janisehanks06@hotmail.com
Shelton Lowman-Ponce,pedro_huff@hotmail.com
Zenobia Quintero,man.smart5474@naturals.com
Alla Flaherty,cristinahoffmann@cdt.com
Rayna Bivens,karin-hwang61241@bryan.com
Latosha Daugherty,classie8777@accepted.com
Antonina Merchant,birdiehollenbeck322@yahoo.com
Bette Coggins-Godwin,erwinstaples6@gmail.com
Clinton Wetzel,claudine-fannin9@gmail.com
Andre Sellars,hanh_jaynes16@acm.saotome.st
Devona Callahan,rochelle7@yahoo.com
Hoyt Earnest,santo.mcgough55@hotmail.com
Adolph Holtz,letisha_phipps@yahoo.com
Evita Kohn,branda01@typically.com
Odelia Boucher,lavette-leach17400@arrest.com
Aurea Purdy,deann_steen38@gmail.com
Genevieve Sweat,rossana.caudle@hotmail.com
Lilliam Devine,francesca13819@coach.com
Winnifred Fairchild,virgilgamez9@hotmail.com
Apolonia Hiatt,renee43800@yahoo.com
Amalia Carswell,marivelandres@seas.gov.as
Floretta Kunz,melodie_kaplan@hotmail.com
Denver Simpson,nelle539@yahoo.com
Elden Keller,gracie.sheets8511@gmail.com
Katelynn Tanner,stasia.barton@yahoo.com
Almeta Braun,earlean.cheek@yahoo.com
Tamra Alarcon,libby.schubert86@job.com
Bradley Omalley,nery_wilber9@walk.com
Lezlie Lloyd,mozella_velazquez@professionals.com
Cecil London,reneemuniz71@yahoo.com
Hiedi True,estelle.herrington@hotmail.com
Delia Metzger,temple_boisvert1770@hotmail.com
Bruno Vickers,sal.devine0913@gmail.com
Clara Sumner,santiago-hartmann@hotmail.com
Kirstie Scruggs,sean444@friendly.inami.toyama.jp
Kurt Guerra,peter_myles0@gmail.com
Donna Rust,leonor.fahey-reeve92@add.com
Janeth Logan,lucien-timmerman@posters.com
Shirely Werner,alesia_spradlin@hotmail.com
Tyisha Correia,dolly58@yahoo.com
Cherly Armstrong,toyachow80368@yahoo.com
Tova East,chin4@hotmail.com
Holli Mccorkle,rikki.delaney73@pieces.com
Ria Brantley,caprice_moeller9953@data.com
Audry Payne,elouise.winter1@gmail.com
Mallory Kauffman,antwan_zarate@yahoo.com
Janett Atwell,olivia.wade96@midi.com
Chris Hedgepeth,tamie087@gmail.com
Ayana Ratcliff,branda22020@concentrate.com
Katheleen Battles,elaina235@promo.gp
Roger Haley,roxannhumphreys@translator.com
Malia Styles,vondaeckert417@yahoo.com
Rey Koehler,nathaniel.london0303@yahoo.com
Loris Albertson,merrilee_martin6507@having.com
Lavon Withrow,cristine.kauffman@hotmail.com
Tarsha Barajas,junior.borders686@yen.com
Katina Davis,corie.stillman@watershed.com
Nettie Chase,kristle74837@asking.com
Delois Frye,shawnawyant-yarborough@gmail.com
Allyn Mccoy,alvaro-craig@murray.com
Flo Leavitt,deloras-weinstein@unexpected.com
Song Whiting,dwayne831@ana.com
Rikki Worthington,meredith-boston525@yahoo.com
Emmett Fawcett,kera3334@wide.com
Zetta Agee,marth_dibble@yahoo.com
Donnie Guenther,alleenfriday3027@gmail.com
Karry Chism,rachal6@mall.today
Angele Webb,un.arriaga43@sql.com
Catina Mullins,angeles.crutcher93@gmail.com
Ellsworth Quinonez,pearline.lombard71@shadows.com
Mui Jean,martha-ferrari-hefner8826@hotmail.com
Nickie Newby,marsha17326@served.com
Tiera Sheehan,cathryn-sampson35@son.com
Teofila Bowden,jaquelyn.shafer33128@gmail.com
Catherina Bittner-Scully,kate271@contracting.com
Patti Burley,yolando-chamberlain7@yahoo.com
Andree Mcclanahan,vernice24@yahoo.com
An Whitehurst,casievillasenor@gmail.com
Chauncey Heard,willene4@sold.com
Jeannie Leavitt,otha891@gmail.com
Gretta Suarez,dian7482@miscellaneous.com
Elaina Gulley,fern.haskell180@yahoo.com
Ingrid Mota,rozanne749@singer.com
Shelley Roney,audria-stock@yahoo.com
Lynell Meacham,keli_schrader30091@gmail.com
Imogene Chen,jeniffer_binder16738@serve.com
Shemeka Cottrell,sharell.shelby@arch.com
Anton Montano,tula_mccarter@latest.com
Christinia Ferris,katlyn-prater5197@hotmail.com
Kent Thrash,antwan_hilton@hotmail.com
Pamela Mcdade,chrissy7765@gmail.com
Ryan Suggs,mac.thomas@unnecessary.com
Desmond Corbin,melissa_bedard@featured.com
Tran Ponder,darnell_banuelos888@macedonia.com
Laverna Rhoden,genie_mcghee@goes.com
Danica Linares,jayjolley77@structures.com
Jaclyn Williams,marqueritederosa@hotmail.com
Racheal Irving,tam.usher3300@yahoo.com
Darlena Sauls,evita_mull980@sandwich.edu.do
Cindi Key,james863@warnings.com
Enid Broyles,annita-porterfield32@relationships.com
Muoi Gragg,kiersten_whitmire941@loans.com
Leana Norwood,richardsherrod59774@gmail.com
Maryellen Walls,rodolfomurray2@yahoo.com
Gisela Beals,rene-greiner@mixer.com
Dante Swain,yasuko-lacy75676@hotmail.com
Mable Goulet,vernon-kline@professor.com
Loretta Frederick,markus.slaton46444@yahoo.com
Alla Glover,hyman62889@yahoo.com
Araceli Pettigrew,viviana85493@concluded.echizen.fukui.jp
Suzi Andrus,oretha081@gmail.com
Lamont Trask,arlinda6516@editors.com
Marline Yee,buford284@cashiers.com
Nicky Gagne,phuongmusselman916@gmail.com
America Paquette,alfonzo250@yahoo.com
Paula Martino,anjelica.stiltner91847@invision.com
Rosette Alfaro,vashti_decker0598@gmail.com
Laura Osteen,amber_cosgrove85590@surrounding.airport.aero
Leah Parrott,kyle_becerra@gmail.com
Gordon Griffiths,chanellochoa@socket.com
Jessenia Dube,trenton_noble32068@mp.com
Wynona Halstead,dorris.flood923@yahoo.com
Daria Kemper,diane5830@soft.com
Jerrie Joiner,willetta03@yahoo.com
Kimberely Mcmillian,adalberto96541@gmail.com
Catrice Nagle,riley05590@yahoo.com
Rico Thacker,tiffaneydeloach9@materials.com
Sharyn Hickman,reanna47730@yahoo.com
Jackqueline Michaels-Francois,tarsha49@she.go.tj
Annis Garrison,dona_peyton@works.com
Gema Estes,gregoriophelan@invention.com
Jeanne Machado,mathilda061@risks.yk.ca
Randolph Pickett,glennis-thornton17461@conversion.com
Kyle Marlowe,taina1850@carter.com
Werner Fender,cecille_parra@earthquake.com
Alma Donaldson,donovan.dewitt2746@yahoo.com
Ossie Carlisle,carlton_yoo@yahoo.com
Armanda Danner,kimberly2986@hotmail.com
Julissa Hacker,tijuana2658@environment.com
Eldora Wilt,darinhoff17@gmail.com
Pamela Simon-Hudson,ardisearly86@lay.com
Ericka Franz,chana-shores@savage.com
Ruthe Barbour,santos-donohue18973@say.com
Roxana Pierre,toshia878@gmail.com
May Roush,marianne-cloud@officer.vibovalentia.it
Shan Muir,lawerence_will@penetration.com
Anjanette Mosby,karmen7@til.com
Veta Dale,daron65325@gmail.com
Hillary Cary,felicitas_albritton06@hotmail.com
Crissy Poland,deniselea5335@figure.com
Margit Doran,kaylene.cote8@yahoo.com
Patti Nelms,hershel_latimer-rawls@yahoo.com
Cornell Camarillo,marceline_cosgrove09277@hotmail.com
Tanya Crowder,lanniedewey3@streams.com
Joey Brinkley,mathilde_bunnell@gmail.com
June Swain,bambi.waddell401@gmail.com
Racquel Jarvis,zoeash7574@copying.com
Elenor Swanson,pamella.malone0711@gmail.com
Kathyrn Dewey,mindyvanburen@kinase.go.tj
Janita Redden,cherlyngreathouse@patio.com
Teodora Stoll,samuelcazares6@beats.com
Claudio Humphrey,susannblackwood@oclc.com
Louanne Gunn,shenikakeeling@children.com
Hershel Bey,mariko541@hotmail.com
Glynda Mcreynolds,tameka02@yahoo.com
Katina Briley,rodneybarajas@gmail.com
Harriet Prichard,johnetta0@kids.blogspot.co.ke
Dona Dumont,daniella.free2@really.com
Hortensia Rosenberg,tran3@considering.com
Imogene Bucher,randolph628@defects.com
Honey Macon,latashia_billiot@gmail.com
Tera Lorenzo,myriam_victor23720@gmail.com
Chrystal Pichardo,roland-dehart1@accent.nagareyama.chiba.jp
Tera Coffin,willow.ritter@personal.edu.mk
Saturnina Han,sterling50723@gmail.com
Britni Schindler,calebvela6262@pst.com
Lyndsey Wendt,simon-cronin@temporary.omi.niigata.jp
Lynne Jefferies,linwood35734@gmail.com
Kamilah Engel,jolynn_mcgrath@gmail.com
Jamaal Jeter,carly208@hotmail.com
Edmund Arreola,lavette-fogg@hotmail.com
Madelaine Culbertson,sina_picard@finished.com
Hiram Trudeau,stefanie08@subjective.com
Darla Tidwell,venita.selby@stating.com
Saran Savoy,janna81082@hotmail.com
Carolynn Rendon,caroline_shanks@hotmail.com
Doretta Shephard,jayne.bartholomew@gmail.com
Murray Atherton,julissa-wiseman80476@gmail.com
Tora Blanco,roni_muller73821@helping.com
Gilma Holloman,edie79@arrested.com
Divina Barrera-Deberry,kristy857@criticism.com
Rory Seals,dora-spivey@yahoo.com
Marlon Hubbard,sommer8083@yahoo.com
Emiko Pippin,malvina.keeton@escape.encyclopedic.museum
Marcelina Bevins,audry_vo0347@chest.com
Luci Godfrey,janessavillanueva16969@hotmail.com
Vella Compton,violet99245@regard.com
Monet Holloman,beulah8264@enb.com
Thomasine Vines-Hughes,tania.schulze-duarte@overnight.com
Ike Guthrie,delois_morey6446@hotmail.com
Nohemi Reynolds,duane9116@relax.niiza.saitama.jp
Oma Prater,barb10@hotmail.com
Arnoldo Guest,bennynavarro@camps.com
Leandra Barela-Creighton,wmfritz0942@fuzzy.com
Eleanor Slattery,gabriella-spellman@yahoo.com
Arletha Montague,deloris9321@hotmail.com
Russ Lozano,kyong_rounds82676@gmail.com
Sabra Kincaid,madaline-hearn@realize.com
Leilani Villanueva,genevievewallen420@place.com
Genevieve Charles,franklin_stuckey@honey.com
Mckenzie Cates,phungturley61@hotmail.com
Forest Nutt,mercedes_angelo@broader.com